index	label	text
0	0	MFVFLVLLPLVSSQC
1	0	FVFLVLLPLVSSQCV
2	0	VFLVLLPLVSSQCVN
3	0	FLVLLPLVSSQCVNL
4	0	LVLLPLVSSQCVNLT
5	0	VLLPLVSSQCVNLTT
6	0	LLPLVSSQCVNLTTR
7	0	LPLVSSQCVNLTTRT
8	0	PLVSSQCVNLTTRTQ
9	0	LVSSQCVNLTTRTQL
10	0	VSSQCVNLTTRTQLP
11	0	SSQCVNLTTRTQLPP
12	0	SQCVNLTTRTQLPPA
13	0	QCVNLTTRTQLPPAY
14	0	CVNLTTRTQLPPAYT
15	0	VNLTTRTQLPPAYTN
16	0	NLTTRTQLPPAYTNS
17	0	LTTRTQLPPAYTNSF
18	0	TTRTQLPPAYTNSFT
19	0	TRTQLPPAYTNSFTR
20	0	RTQLPPAYTNSFTRG
21	0	TQLPPAYTNSFTRGV
22	0	QLPPAYTNSFTRGVY
23	0	LPPAYTNSFTRGVYY
24	0	PPAYTNSFTRGVYYP
25	0	PAYTNSFTRGVYYPD
26	0	AYTNSFTRGVYYPDK
27	0	YTNSFTRGVYYPDKV
28	0	TNSFTRGVYYPDKVF
29	0	NSFTRGVYYPDKVFR
30	0	SFTRGVYYPDKVFRS
31	0	FTRGVYYPDKVFRSS
32	0	TRGVYYPDKVFRSSV
33	0	RGVYYPDKVFRSSVL
34	0	GVYYPDKVFRSSVLH
35	0	VYYPDKVFRSSVLHS
36	0	YYPDKVFRSSVLHST
37	0	YPDKVFRSSVLHSTQ
38	0	PDKVFRSSVLHSTQD
39	0	DKVFRSSVLHSTQDL
40	0	KVFRSSVLHSTQDLF
41	0	VFRSSVLHSTQDLFL
42	0	FRSSVLHSTQDLFLP
43	0	RSSVLHSTQDLFLPF
44	0	SSVLHSTQDLFLPFF
45	0	SVLHSTQDLFLPFFS
46	0	VLHSTQDLFLPFFSN
47	0	LHSTQDLFLPFFSNV
48	0	HSTQDLFLPFFSNVT
49	0	STQDLFLPFFSNVTW
50	0	TQDLFLPFFSNVTWF
51	0	QDLFLPFFSNVTWFH
52	0	DLFLPFFSNVTWFHA
53	0	LFLPFFSNVTWFHAI
54	0	FLPFFSNVTWFHAIH
55	0	LPFFSNVTWFHAIHV
56	0	PFFSNVTWFHAIHVS
57	0	FFSNVTWFHAIHVSG
58	0	FSNVTWFHAIHVSGT
59	0	SNVTWFHAIHVSGTN
60	0	NVTWFHAIHVSGTNG
61	0	VTWFHAIHVSGTNGT
62	0	TWFHAIHVSGTNGTK
63	0	WFHAIHVSGTNGTKR
64	0	FHAIHVSGTNGTKRF
65	0	HAIHVSGTNGTKRFD
66	0	AIHVSGTNGTKRFDN
67	0	IHVSGTNGTKRFDNP
68	0	HVSGTNGTKRFDNPV
69	0	VSGTNGTKRFDNPVL
70	0	SGTNGTKRFDNPVLP
71	0	GTNGTKRFDNPVLPF
72	0	TNGTKRFDNPVLPFN
73	0	NGTKRFDNPVLPFND
74	0	GTKRFDNPVLPFNDG
75	0	TKRFDNPVLPFNDGV
76	0	KRFDNPVLPFNDGVY
77	0	RFDNPVLPFNDGVYF
78	0	FDNPVLPFNDGVYFA
79	0	DNPVLPFNDGVYFAS
80	0	NPVLPFNDGVYFAST
81	0	PVLPFNDGVYFASTE
82	0	VLPFNDGVYFASTEK
83	0	LPFNDGVYFASTEKS
84	0	PFNDGVYFASTEKSN
85	0	FNDGVYFASTEKSNI
86	0	NDGVYFASTEKSNII
87	0	DGVYFASTEKSNIIR
88	0	GVYFASTEKSNIIRG
89	0	VYFASTEKSNIIRGW
90	0	YFASTEKSNIIRGWI
91	0	FASTEKSNIIRGWIF
92	0	ASTEKSNIIRGWIFG
93	0	STEKSNIIRGWIFGT
94	0	TEKSNIIRGWIFGTT
95	0	EKSNIIRGWIFGTTL
96	0	KSNIIRGWIFGTTLD
97	0	SNIIRGWIFGTTLDS
98	0	NIIRGWIFGTTLDSK
99	0	IIRGWIFGTTLDSKT
100	0	IRGWIFGTTLDSKTQ
101	0	RGWIFGTTLDSKTQS
102	0	GWIFGTTLDSKTQSL
103	0	WIFGTTLDSKTQSLL
104	0	IFGTTLDSKTQSLLI
105	0	FGTTLDSKTQSLLIV
106	0	GTTLDSKTQSLLIVN
107	0	TTLDSKTQSLLIVNN
108	0	TLDSKTQSLLIVNNA
109	0	LDSKTQSLLIVNNAT
110	0	DSKTQSLLIVNNATN
111	0	SKTQSLLIVNNATNV
112	0	KTQSLLIVNNATNVV
113	0	TQSLLIVNNATNVVI
114	0	QSLLIVNNATNVVIK
115	0	SLLIVNNATNVVIKV
116	0	LLIVNNATNVVIKVC
117	0	LIVNNATNVVIKVCE
118	0	IVNNATNVVIKVCEF
119	0	VNNATNVVIKVCEFQ
120	0	NNATNVVIKVCEFQF
121	0	NATNVVIKVCEFQFC
122	0	ATNVVIKVCEFQFCN
123	0	TNVVIKVCEFQFCND
124	0	NVVIKVCEFQFCNDP
125	0	VVIKVCEFQFCNDPF
126	0	VIKVCEFQFCNDPFL
127	0	IKVCEFQFCNDPFLG
128	0	KVCEFQFCNDPFLGV
129	0	VCEFQFCNDPFLGVY
130	0	CEFQFCNDPFLGVYY
131	0	EFQFCNDPFLGVYYH
132	0	FQFCNDPFLGVYYHK
133	0	QFCNDPFLGVYYHKN
134	0	FCNDPFLGVYYHKNN
135	0	CNDPFLGVYYHKNNK
136	0	NDPFLGVYYHKNNKS
137	0	DPFLGVYYHKNNKSW
138	0	PFLGVYYHKNNKSWM
139	0	FLGVYYHKNNKSWME
140	0	LGVYYHKNNKSWMES
141	0	GVYYHKNNKSWMESE
142	0	VYYHKNNKSWMESEF
143	0	YYHKNNKSWMESEFR
144	0	YHKNNKSWMESEFRV
145	0	HKNNKSWMESEFRVY
146	0	KNNKSWMESEFRVYS
147	0	NNKSWMESEFRVYSS
148	0	NKSWMESEFRVYSSA
149	0	KSWMESEFRVYSSAN
150	0	SWMESEFRVYSSANN
151	0	WMESEFRVYSSANNC
152	0	MESEFRVYSSANNCT
153	0	ESEFRVYSSANNCTF
154	0	SEFRVYSSANNCTFE
155	0	EFRVYSSANNCTFEY
156	0	FRVYSSANNCTFEYV
157	0	RVYSSANNCTFEYVS
158	0	VYSSANNCTFEYVSQ
159	0	YSSANNCTFEYVSQP
160	0	SSANNCTFEYVSQPF
161	0	SANNCTFEYVSQPFL
162	0	ANNCTFEYVSQPFLM
163	0	NNCTFEYVSQPFLMD
164	0	NCTFEYVSQPFLMDL
165	0	CTFEYVSQPFLMDLE
166	0	TFEYVSQPFLMDLEG
167	0	FEYVSQPFLMDLEGK
168	0	EYVSQPFLMDLEGKQ
169	0	YVSQPFLMDLEGKQG
170	0	VSQPFLMDLEGKQGN
171	0	SQPFLMDLEGKQGNF
172	0	QPFLMDLEGKQGNFK
173	0	PFLMDLEGKQGNFKN
174	0	FLMDLEGKQGNFKNL
175	0	LMDLEGKQGNFKNLR
176	0	MDLEGKQGNFKNLRE
177	0	DLEGKQGNFKNLREF
178	0	LEGKQGNFKNLREFV
179	0	EGKQGNFKNLREFVF
180	0	GKQGNFKNLREFVFK
181	0	KQGNFKNLREFVFKN
182	0	QGNFKNLREFVFKNI
183	0	GNFKNLREFVFKNID
184	0	NFKNLREFVFKNIDG
185	0	FKNLREFVFKNIDGY
186	0	KNLREFVFKNIDGYF
187	0	NLREFVFKNIDGYFK
188	0	LREFVFKNIDGYFKI
189	0	REFVFKNIDGYFKIY
190	0	EFVFKNIDGYFKIYS
191	0	FVFKNIDGYFKIYSK
192	0	VFKNIDGYFKIYSKH
193	0	FKNIDGYFKIYSKHT
194	0	KNIDGYFKIYSKHTP
195	0	NIDGYFKIYSKHTPI
196	0	IDGYFKIYSKHTPIN
197	0	DGYFKIYSKHTPINL
198	0	GYFKIYSKHTPINLV
199	0	YFKIYSKHTPINLVR
200	0	FKIYSKHTPINLVRD
201	0	KIYSKHTPINLVRDL
202	0	IYSKHTPINLVRDLP
203	0	YSKHTPINLVRDLPQ
204	0	SKHTPINLVRDLPQG
205	0	KHTPINLVRDLPQGF
206	0	HTPINLVRDLPQGFS
207	0	TPINLVRDLPQGFSA
208	0	PINLVRDLPQGFSAL
209	0	INLVRDLPQGFSALE
210	0	NLVRDLPQGFSALEP
211	0	LVRDLPQGFSALEPL
212	0	VRDLPQGFSALEPLV
213	0	RDLPQGFSALEPLVD
214	0	DLPQGFSALEPLVDL
215	0	LPQGFSALEPLVDLP
216	0	PQGFSALEPLVDLPI
217	0	QGFSALEPLVDLPIG
218	0	GFSALEPLVDLPIGI
219	0	FSALEPLVDLPIGIN
220	0	SALEPLVDLPIGINI
221	0	ALEPLVDLPIGINIT
222	0	LEPLVDLPIGINITR
223	0	EPLVDLPIGINITRF
224	0	PLVDLPIGINITRFQ
225	0	LVDLPIGINITRFQT
226	0	VDLPIGINITRFQTL
227	0	DLPIGINITRFQTLL
228	0	LPIGINITRFQTLLA
229	0	PIGINITRFQTLLAL
230	0	IGINITRFQTLLALH
231	0	GINITRFQTLLALHR
232	0	INITRFQTLLALHRS
233	0	NITRFQTLLALHRSY
234	0	ITRFQTLLALHRSYL
235	0	TRFQTLLALHRSYLT
236	0	RFQTLLALHRSYLTP
237	0	FQTLLALHRSYLTPG
238	0	QTLLALHRSYLTPGD
239	0	TLLALHRSYLTPGDS
240	0	LLALHRSYLTPGDSS
241	0	LALHRSYLTPGDSSS
242	0	ALHRSYLTPGDSSSG
243	0	LHRSYLTPGDSSSGW
244	0	HRSYLTPGDSSSGWT
245	0	RSYLTPGDSSSGWTA
246	0	SYLTPGDSSSGWTAG
247	0	YLTPGDSSSGWTAGA
248	0	LTPGDSSSGWTAGAA
249	0	TPGDSSSGWTAGAAA
250	0	PGDSSSGWTAGAAAY
251	0	GDSSSGWTAGAAAYY
252	0	DSSSGWTAGAAAYYV
253	0	SSSGWTAGAAAYYVG
254	0	SSGWTAGAAAYYVGY
255	0	SGWTAGAAAYYVGYL
256	0	GWTAGAAAYYVGYLQ
257	0	WTAGAAAYYVGYLQP
258	0	TAGAAAYYVGYLQPR
259	0	AGAAAYYVGYLQPRT
260	0	GAAAYYVGYLQPRTF
261	0	AAAYYVGYLQPRTFL
262	0	AAYYVGYLQPRTFLL
263	0	AYYVGYLQPRTFLLK
264	0	YYVGYLQPRTFLLKY
265	0	YVGYLQPRTFLLKYN
266	0	VGYLQPRTFLLKYNE
267	0	GYLQPRTFLLKYNEN
268	0	YLQPRTFLLKYNENG
269	0	LQPRTFLLKYNENGT
270	0	QPRTFLLKYNENGTI
271	0	PRTFLLKYNENGTIT
272	0	RTFLLKYNENGTITD
273	0	TFLLKYNENGTITDA
274	0	FLLKYNENGTITDAV
275	0	LLKYNENGTITDAVD
276	0	LKYNENGTITDAVDC
277	0	KYNENGTITDAVDCA
278	0	YNENGTITDAVDCAL
279	0	NENGTITDAVDCALD
280	0	ENGTITDAVDCALDP
281	0	NGTITDAVDCALDPL
282	0	GTITDAVDCALDPLS
283	0	TITDAVDCALDPLSE
284	0	ITDAVDCALDPLSET
285	0	TDAVDCALDPLSETK
286	0	DAVDCALDPLSETKC
287	0	AVDCALDPLSETKCT
288	0	VDCALDPLSETKCTL
289	0	DCALDPLSETKCTLK
290	0	CALDPLSETKCTLKS
291	0	ALDPLSETKCTLKSF
292	0	LDPLSETKCTLKSFT
293	0	DPLSETKCTLKSFTV
294	0	PLSETKCTLKSFTVE
295	0	LSETKCTLKSFTVEK
296	0	SETKCTLKSFTVEKG
297	0	ETKCTLKSFTVEKGI
298	0	TKCTLKSFTVEKGIY
299	0	KCTLKSFTVEKGIYQ
300	0	CTLKSFTVEKGIYQT
301	0	TLKSFTVEKGIYQTS
302	0	LKSFTVEKGIYQTSN
303	0	KSFTVEKGIYQTSNF
304	0	SFTVEKGIYQTSNFR
305	0	FTVEKGIYQTSNFRV
306	0	TVEKGIYQTSNFRVQ
307	0	VEKGIYQTSNFRVQP
308	0	EKGIYQTSNFRVQPT
309	0	KGIYQTSNFRVQPTE
310	0	GIYQTSNFRVQPTES
311	0	IYQTSNFRVQPTESI
312	0	YQTSNFRVQPTESIV
313	0	QTSNFRVQPTESIVR
314	0	TSNFRVQPTESIVRF
315	0	SNFRVQPTESIVRFP
316	0	NFRVQPTESIVRFPN
317	0	FRVQPTESIVRFPNI
318	0	RVQPTESIVRFPNIT
319	0	VQPTESIVRFPNITN
320	0	QPTESIVRFPNITNL
321	0	PTESIVRFPNITNLC
322	0	TESIVRFPNITNLCP
323	0	ESIVRFPNITNLCPF
324	0	SIVRFPNITNLCPFG
325	0	IVRFPNITNLCPFGE
326	0	VRFPNITNLCPFGEV
327	0	RFPNITNLCPFGEVF
328	0	FPNITNLCPFGEVFN
329	0	PNITNLCPFGEVFNA
330	0	NITNLCPFGEVFNAT
331	0	ITNLCPFGEVFNATR
332	0	TNLCPFGEVFNATRF
333	0	NLCPFGEVFNATRFA
334	0	LCPFGEVFNATRFAS
335	0	CPFGEVFNATRFASV
336	0	PFGEVFNATRFASVY
337	0	FGEVFNATRFASVYA
338	0	GEVFNATRFASVYAW
339	0	EVFNATRFASVYAWN
340	0	VFNATRFASVYAWNR
341	0	FNATRFASVYAWNRK
342	0	NATRFASVYAWNRKR
343	0	ATRFASVYAWNRKRI
344	0	TRFASVYAWNRKRIS
345	0	RFASVYAWNRKRISN
346	0	FASVYAWNRKRISNC
347	0	ASVYAWNRKRISNCV
348	0	SVYAWNRKRISNCVA
349	0	VYAWNRKRISNCVAD
350	0	YAWNRKRISNCVADY
351	0	AWNRKRISNCVADYS
352	0	WNRKRISNCVADYSV
353	0	NRKRISNCVADYSVL
354	0	RKRISNCVADYSVLY
355	0	KRISNCVADYSVLYN
356	0	RISNCVADYSVLYNS
357	0	ISNCVADYSVLYNSA
358	0	SNCVADYSVLYNSAS
359	0	NCVADYSVLYNSASF
360	0	CVADYSVLYNSASFS
361	0	VADYSVLYNSASFST
362	0	ADYSVLYNSASFSTF
363	0	DYSVLYNSASFSTFK
364	0	YSVLYNSASFSTFKC
365	0	SVLYNSASFSTFKCY
366	0	VLYNSASFSTFKCYG
367	0	LYNSASFSTFKCYGV
368	0	YNSASFSTFKCYGVS
369	0	NSASFSTFKCYGVSP
370	0	SASFSTFKCYGVSPT
371	0	ASFSTFKCYGVSPTK
372	0	SFSTFKCYGVSPTKL
373	0	FSTFKCYGVSPTKLN
374	0	STFKCYGVSPTKLND
375	0	TFKCYGVSPTKLNDL
376	0	FKCYGVSPTKLNDLC
377	0	KCYGVSPTKLNDLCF
378	0	CYGVSPTKLNDLCFT
379	0	YGVSPTKLNDLCFTN
380	0	GVSPTKLNDLCFTNV
381	0	VSPTKLNDLCFTNVY
382	0	SPTKLNDLCFTNVYA
383	0	PTKLNDLCFTNVYAD
384	0	TKLNDLCFTNVYADS
385	0	KLNDLCFTNVYADSF
386	0	LNDLCFTNVYADSFV
387	0	NDLCFTNVYADSFVI
388	0	DLCFTNVYADSFVIR
389	0	LCFTNVYADSFVIRG
390	0	CFTNVYADSFVIRGD
391	0	FTNVYADSFVIRGDE
392	0	TNVYADSFVIRGDEV
393	0	NVYADSFVIRGDEVR
394	0	VYADSFVIRGDEVRQ
395	0	YADSFVIRGDEVRQI
396	0	ADSFVIRGDEVRQIA
397	0	DSFVIRGDEVRQIAP
398	0	SFVIRGDEVRQIAPG
399	0	FVIRGDEVRQIAPGQ
400	0	VIRGDEVRQIAPGQT
401	0	IRGDEVRQIAPGQTG
402	0	RGDEVRQIAPGQTGK
403	0	GDEVRQIAPGQTGKI
404	0	DEVRQIAPGQTGKIA
405	0	EVRQIAPGQTGKIAD
406	0	VRQIAPGQTGKIADY
407	0	RQIAPGQTGKIADYN
408	0	QIAPGQTGKIADYNY
409	0	IAPGQTGKIADYNYK
410	0	APGQTGKIADYNYKL
411	0	PGQTGKIADYNYKLP
412	0	GQTGKIADYNYKLPD
413	0	QTGKIADYNYKLPDD
414	0	TGKIADYNYKLPDDF
415	0	GKIADYNYKLPDDFT
416	0	KIADYNYKLPDDFTG
417	0	IADYNYKLPDDFTGC
418	0	ADYNYKLPDDFTGCV
419	0	DYNYKLPDDFTGCVI
420	0	YNYKLPDDFTGCVIA
421	0	NYKLPDDFTGCVIAW
422	0	YKLPDDFTGCVIAWN
423	0	KLPDDFTGCVIAWNS
424	0	LPDDFTGCVIAWNSN
425	0	PDDFTGCVIAWNSNN
426	0	DDFTGCVIAWNSNNL
427	0	DFTGCVIAWNSNNLD
428	0	FTGCVIAWNSNNLDS
429	0	TGCVIAWNSNNLDSK
430	0	GCVIAWNSNNLDSKV
431	0	CVIAWNSNNLDSKVG
432	0	VIAWNSNNLDSKVGG
433	0	IAWNSNNLDSKVGGN
434	0	AWNSNNLDSKVGGNY
435	0	WNSNNLDSKVGGNYN
436	0	NSNNLDSKVGGNYNY
437	0	SNNLDSKVGGNYNYL
438	0	NNLDSKVGGNYNYLY
439	0	NLDSKVGGNYNYLYR
440	0	LDSKVGGNYNYLYRL
441	0	DSKVGGNYNYLYRLF
442	0	SKVGGNYNYLYRLFR
443	0	KVGGNYNYLYRLFRK
444	0	VGGNYNYLYRLFRKS
445	0	GGNYNYLYRLFRKSN
446	0	GNYNYLYRLFRKSNL
447	0	NYNYLYRLFRKSNLK
448	0	YNYLYRLFRKSNLKP
449	0	NYLYRLFRKSNLKPF
450	0	YLYRLFRKSNLKPFE
451	0	LYRLFRKSNLKPFER
452	0	YRLFRKSNLKPFERD
453	0	RLFRKSNLKPFERDI
454	0	LFRKSNLKPFERDIS
455	0	FRKSNLKPFERDIST
456	0	RKSNLKPFERDISTE
457	0	KSNLKPFERDISTEI
458	0	SNLKPFERDISTEIY
459	0	NLKPFERDISTEIYQ
460	0	LKPFERDISTEIYQA
461	0	KPFERDISTEIYQAG
462	0	PFERDISTEIYQAGS
463	0	FERDISTEIYQAGST
464	0	ERDISTEIYQAGSTP
465	0	RDISTEIYQAGSTPC
466	0	DISTEIYQAGSTPCN
467	0	ISTEIYQAGSTPCNG
468	0	STEIYQAGSTPCNGV
469	0	TEIYQAGSTPCNGVE
470	0	EIYQAGSTPCNGVEG
471	0	IYQAGSTPCNGVEGF
472	0	YQAGSTPCNGVEGFN
473	0	QAGSTPCNGVEGFNC
474	0	AGSTPCNGVEGFNCY
475	0	GSTPCNGVEGFNCYF
476	0	STPCNGVEGFNCYFP
477	0	TPCNGVEGFNCYFPL
478	0	PCNGVEGFNCYFPLQ
479	0	CNGVEGFNCYFPLQS
480	0	NGVEGFNCYFPLQSY
481	0	GVEGFNCYFPLQSYG
482	0	VEGFNCYFPLQSYGF
483	0	EGFNCYFPLQSYGFQ
484	0	GFNCYFPLQSYGFQP
485	0	FNCYFPLQSYGFQPT
486	0	NCYFPLQSYGFQPTN
487	0	CYFPLQSYGFQPTNG
488	0	YFPLQSYGFQPTNGV
489	0	FPLQSYGFQPTNGVG
490	0	PLQSYGFQPTNGVGY
491	0	LQSYGFQPTNGVGYQ
492	0	QSYGFQPTNGVGYQP
493	0	SYGFQPTNGVGYQPY
494	0	YGFQPTNGVGYQPYR
495	0	GFQPTNGVGYQPYRV
496	0	FQPTNGVGYQPYRVV
497	0	QPTNGVGYQPYRVVV
498	0	PTNGVGYQPYRVVVL
499	0	TNGVGYQPYRVVVLS
500	0	NGVGYQPYRVVVLSF
501	0	GVGYQPYRVVVLSFE
502	0	VGYQPYRVVVLSFEL
503	0	GYQPYRVVVLSFELL
504	0	YQPYRVVVLSFELLH
505	0	QPYRVVVLSFELLHA
506	0	PYRVVVLSFELLHAP
507	0	YRVVVLSFELLHAPA
508	0	RVVVLSFELLHAPAT
509	0	VVVLSFELLHAPATV
510	0	VVLSFELLHAPATVC
511	0	VLSFELLHAPATVCG
512	0	LSFELLHAPATVCGP
513	0	SFELLHAPATVCGPK
514	0	FELLHAPATVCGPKK
515	0	ELLHAPATVCGPKKS
516	0	LLHAPATVCGPKKST
517	0	LHAPATVCGPKKSTN
518	0	HAPATVCGPKKSTNL
519	0	APATVCGPKKSTNLV
520	0	PATVCGPKKSTNLVK
521	0	ATVCGPKKSTNLVKN
522	0	TVCGPKKSTNLVKNK
523	0	VCGPKKSTNLVKNKC
524	0	CGPKKSTNLVKNKCV
525	0	GPKKSTNLVKNKCVN
526	0	PKKSTNLVKNKCVNF
527	0	KKSTNLVKNKCVNFN
528	0	KSTNLVKNKCVNFNF
529	0	STNLVKNKCVNFNFN
530	0	TNLVKNKCVNFNFNG
531	0	NLVKNKCVNFNFNGL
532	0	LVKNKCVNFNFNGLT
533	0	VKNKCVNFNFNGLTG
534	0	KNKCVNFNFNGLTGT
535	0	NKCVNFNFNGLTGTG
536	0	KCVNFNFNGLTGTGV
537	0	CVNFNFNGLTGTGVL
538	0	VNFNFNGLTGTGVLT
539	0	NFNFNGLTGTGVLTE
540	0	FNFNGLTGTGVLTES
541	0	NFNGLTGTGVLTESN
542	0	FNGLTGTGVLTESNK
543	0	NGLTGTGVLTESNKK
544	0	GLTGTGVLTESNKKF
545	0	LTGTGVLTESNKKFL
546	0	TGTGVLTESNKKFLP
547	0	GTGVLTESNKKFLPF
548	0	TGVLTESNKKFLPFQ
549	0	GVLTESNKKFLPFQQ
550	0	VLTESNKKFLPFQQF
551	0	LTESNKKFLPFQQFG
552	0	TESNKKFLPFQQFGR
553	0	ESNKKFLPFQQFGRD
554	0	SNKKFLPFQQFGRDI
555	0	NKKFLPFQQFGRDIA
556	0	KKFLPFQQFGRDIAD
557	0	KFLPFQQFGRDIADT
558	0	FLPFQQFGRDIADTT
559	0	LPFQQFGRDIADTTD
560	0	PFQQFGRDIADTTDA
561	0	FQQFGRDIADTTDAV
562	0	QQFGRDIADTTDAVR
563	0	QFGRDIADTTDAVRD
564	0	FGRDIADTTDAVRDP
565	0	GRDIADTTDAVRDPQ
566	0	RDIADTTDAVRDPQT
567	0	DIADTTDAVRDPQTL
568	0	IADTTDAVRDPQTLE
569	0	ADTTDAVRDPQTLEI
570	0	DTTDAVRDPQTLEIL
571	0	TTDAVRDPQTLEILD
572	0	TDAVRDPQTLEILDI
573	0	DAVRDPQTLEILDIT
574	0	AVRDPQTLEILDITP
575	0	VRDPQTLEILDITPC
576	0	RDPQTLEILDITPCS
577	0	DPQTLEILDITPCSF
578	0	PQTLEILDITPCSFG
579	0	QTLEILDITPCSFGG
580	0	TLEILDITPCSFGGV
581	0	LEILDITPCSFGGVS
582	0	EILDITPCSFGGVSV
583	0	ILDITPCSFGGVSVI
584	0	LDITPCSFGGVSVIT
585	0	DITPCSFGGVSVITP
586	0	ITPCSFGGVSVITPG
587	0	TPCSFGGVSVITPGT
588	0	PCSFGGVSVITPGTN
589	0	CSFGGVSVITPGTNT
590	0	SFGGVSVITPGTNTS
591	0	FGGVSVITPGTNTSN
592	0	GGVSVITPGTNTSNQ
593	0	GVSVITPGTNTSNQV
594	0	VSVITPGTNTSNQVA
595	0	SVITPGTNTSNQVAV
596	0	VITPGTNTSNQVAVL
597	0	ITPGTNTSNQVAVLY
598	0	TPGTNTSNQVAVLYQ
599	0	PGTNTSNQVAVLYQG
600	0	GTNTSNQVAVLYQGV
601	0	TNTSNQVAVLYQGVN
602	0	NTSNQVAVLYQGVNC
603	0	TSNQVAVLYQGVNCT
604	0	SNQVAVLYQGVNCTE
605	0	NQVAVLYQGVNCTEV
606	0	QVAVLYQGVNCTEVP
607	0	VAVLYQGVNCTEVPV
608	0	AVLYQGVNCTEVPVA
609	0	VLYQGVNCTEVPVAI
610	0	LYQGVNCTEVPVAIH
611	0	YQGVNCTEVPVAIHA
612	0	QGVNCTEVPVAIHAD
613	0	GVNCTEVPVAIHADQ
614	0	VNCTEVPVAIHADQL
615	0	NCTEVPVAIHADQLT
616	0	CTEVPVAIHADQLTP
617	0	TEVPVAIHADQLTPT
618	0	EVPVAIHADQLTPTW
619	0	VPVAIHADQLTPTWR
620	0	PVAIHADQLTPTWRV
621	0	VAIHADQLTPTWRVY
622	0	AIHADQLTPTWRVYS
623	0	IHADQLTPTWRVYST
624	0	HADQLTPTWRVYSTG
625	0	ADQLTPTWRVYSTGS
626	0	DQLTPTWRVYSTGSN
627	0	QLTPTWRVYSTGSNV
628	0	LTPTWRVYSTGSNVF
629	0	TPTWRVYSTGSNVFQ
630	0	PTWRVYSTGSNVFQT
631	0	TWRVYSTGSNVFQTR
632	0	WRVYSTGSNVFQTRA
633	0	RVYSTGSNVFQTRAG
634	0	VYSTGSNVFQTRAGC
635	0	YSTGSNVFQTRAGCL
636	0	STGSNVFQTRAGCLI
637	0	TGSNVFQTRAGCLIG
638	0	GSNVFQTRAGCLIGA
639	0	SNVFQTRAGCLIGAE
640	0	NVFQTRAGCLIGAEH
641	0	VFQTRAGCLIGAEHV
642	0	FQTRAGCLIGAEHVN
643	0	QTRAGCLIGAEHVNN
644	0	TRAGCLIGAEHVNNS
645	0	RAGCLIGAEHVNNSY
646	0	AGCLIGAEHVNNSYE
647	0	GCLIGAEHVNNSYEC
648	0	CLIGAEHVNNSYECD
649	0	LIGAEHVNNSYECDI
650	0	IGAEHVNNSYECDIP
651	0	GAEHVNNSYECDIPI
652	0	AEHVNNSYECDIPIG
653	0	EHVNNSYECDIPIGA
654	0	HVNNSYECDIPIGAG
655	0	VNNSYECDIPIGAGI
656	0	NNSYECDIPIGAGIC
657	0	NSYECDIPIGAGICA
658	0	SYECDIPIGAGICAS
659	0	YECDIPIGAGICASY
660	0	ECDIPIGAGICASYQ
661	0	CDIPIGAGICASYQT
662	0	DIPIGAGICASYQTQ
663	0	IPIGAGICASYQTQT
664	0	PIGAGICASYQTQTN
665	0	IGAGICASYQTQTNS
666	0	GAGICASYQTQTNSP
667	0	AGICASYQTQTNSPR
668	0	GICASYQTQTNSPRR
669	0	ICASYQTQTNSPRRA
670	0	CASYQTQTNSPRRAR
671	0	ASYQTQTNSPRRARS
672	0	SYQTQTNSPRRARSV
673	0	YQTQTNSPRRARSVA
674	0	QTQTNSPRRARSVAS
675	0	TQTNSPRRARSVASQ
676	0	QTNSPRRARSVASQS
677	0	TNSPRRARSVASQSI
678	0	NSPRRARSVASQSII
679	0	SPRRARSVASQSIIA
680	0	PRRARSVASQSIIAY
681	0	RRARSVASQSIIAYT
682	0	RARSVASQSIIAYTM
683	0	ARSVASQSIIAYTMS
684	0	RSVASQSIIAYTMSL
685	0	SVASQSIIAYTMSLG
686	0	VASQSIIAYTMSLGA
687	0	ASQSIIAYTMSLGAE
688	0	SQSIIAYTMSLGAEN
689	0	QSIIAYTMSLGAENS
690	0	SIIAYTMSLGAENSV
691	0	IIAYTMSLGAENSVA
692	0	IAYTMSLGAENSVAY
693	0	AYTMSLGAENSVAYS
694	0	YTMSLGAENSVAYSN
695	0	TMSLGAENSVAYSNN
696	0	MSLGAENSVAYSNNS
697	0	SLGAENSVAYSNNSI
698	0	LGAENSVAYSNNSIA
699	0	GAENSVAYSNNSIAI
700	0	AENSVAYSNNSIAIP
701	0	ENSVAYSNNSIAIPT
702	0	NSVAYSNNSIAIPTN
703	0	SVAYSNNSIAIPTNF
704	0	VAYSNNSIAIPTNFT
705	0	AYSNNSIAIPTNFTI
706	0	YSNNSIAIPTNFTIS
707	0	SNNSIAIPTNFTISV
708	0	NNSIAIPTNFTISVT
709	0	NSIAIPTNFTISVTT
710	0	SIAIPTNFTISVTTE
711	0	IAIPTNFTISVTTEI
712	0	AIPTNFTISVTTEIL
713	0	IPTNFTISVTTEILP
714	0	PTNFTISVTTEILPV
715	0	TNFTISVTTEILPVS
716	0	NFTISVTTEILPVSM
717	0	FTISVTTEILPVSMT
718	0	TISVTTEILPVSMTK
719	0	ISVTTEILPVSMTKT
720	0	SVTTEILPVSMTKTS
721	0	VTTEILPVSMTKTSV
722	0	TTEILPVSMTKTSVD
723	0	TEILPVSMTKTSVDC
724	0	EILPVSMTKTSVDCT
725	0	ILPVSMTKTSVDCTM
726	0	LPVSMTKTSVDCTMY
727	0	PVSMTKTSVDCTMYI
728	0	VSMTKTSVDCTMYIC
729	0	SMTKTSVDCTMYICG
730	0	MTKTSVDCTMYICGD
731	0	TKTSVDCTMYICGDS
732	0	KTSVDCTMYICGDST
733	0	TSVDCTMYICGDSTE
734	0	SVDCTMYICGDSTEC
735	0	VDCTMYICGDSTECS
736	0	DCTMYICGDSTECSN
737	0	CTMYICGDSTECSNL
738	0	TMYICGDSTECSNLL
739	0	MYICGDSTECSNLLL
740	0	YICGDSTECSNLLLQ
741	0	ICGDSTECSNLLLQY
742	0	CGDSTECSNLLLQYG
743	0	GDSTECSNLLLQYGS
744	0	DSTECSNLLLQYGSF
745	0	STECSNLLLQYGSFC
746	0	TECSNLLLQYGSFCT
747	0	ECSNLLLQYGSFCTQ
748	0	CSNLLLQYGSFCTQL
749	0	SNLLLQYGSFCTQLN
750	0	NLLLQYGSFCTQLNR
751	0	LLLQYGSFCTQLNRA
752	0	LLQYGSFCTQLNRAL
753	0	LQYGSFCTQLNRALT
754	0	QYGSFCTQLNRALTG
755	0	YGSFCTQLNRALTGI
756	0	GSFCTQLNRALTGIA
757	0	SFCTQLNRALTGIAV
758	0	FCTQLNRALTGIAVE
759	0	CTQLNRALTGIAVEQ
760	0	TQLNRALTGIAVEQD
761	0	QLNRALTGIAVEQDK
762	0	LNRALTGIAVEQDKN
763	0	NRALTGIAVEQDKNT
764	0	RALTGIAVEQDKNTQ
765	0	ALTGIAVEQDKNTQE
766	0	LTGIAVEQDKNTQEV
767	0	TGIAVEQDKNTQEVF
768	0	GIAVEQDKNTQEVFA
769	0	IAVEQDKNTQEVFAQ
770	0	AVEQDKNTQEVFAQV
771	0	VEQDKNTQEVFAQVK
772	0	EQDKNTQEVFAQVKQ
773	0	QDKNTQEVFAQVKQI
774	1	DKNTQEVFAQVKQIY
775	1	KNTQEVFAQVKQIYK
776	1	NTQEVFAQVKQIYKT
777	1	TQEVFAQVKQIYKTP
778	1	QEVFAQVKQIYKTPP
779	1	EVFAQVKQIYKTPPI
780	1	VFAQVKQIYKTPPIK
781	1	FAQVKQIYKTPPIKD
782	1	AQVKQIYKTPPIKDF
783	1	QVKQIYKTPPIKDFG
784	1	VKQIYKTPPIKDFGG
785	1	KQIYKTPPIKDFGGF
786	1	QIYKTPPIKDFGGFN
787	1	IYKTPPIKDFGGFNF
788	1	YKTPPIKDFGGFNFS
789	1	KTPPIKDFGGFNFSQ
790	1	TPPIKDFGGFNFSQI
791	1	PPIKDFGGFNFSQIL
792	1	PIKDFGGFNFSQILP
793	1	IKDFGGFNFSQILPD
794	1	KDFGGFNFSQILPDP
795	1	DFGGFNFSQILPDPS
796	1	FGGFNFSQILPDPSK
797	1	GGFNFSQILPDPSKP
798	1	GFNFSQILPDPSKPS
799	1	FNFSQILPDPSKPSK
800	1	NFSQILPDPSKPSKR
801	1	FSQILPDPSKPSKRS
802	1	SQILPDPSKPSKRSF
803	1	QILPDPSKPSKRSFI
804	1	ILPDPSKPSKRSFIE
805	1	LPDPSKPSKRSFIED
806	1	PDPSKPSKRSFIEDL
807	1	DPSKPSKRSFIEDLL
808	1	PSKPSKRSFIEDLLF
809	1	SKPSKRSFIEDLLFN
810	1	KPSKRSFIEDLLFNK
811	1	PSKRSFIEDLLFNKV
812	1	SKRSFIEDLLFNKVT
813	1	KRSFIEDLLFNKVTL
814	1	RSFIEDLLFNKVTLA
815	1	SFIEDLLFNKVTLAD
816	1	FIEDLLFNKVTLADA
817	1	IEDLLFNKVTLADAG
818	1	EDLLFNKVTLADAGF
819	1	DLLFNKVTLADAGFI
820	1	LLFNKVTLADAGFIK
821	1	LFNKVTLADAGFIKQ
822	1	FNKVTLADAGFIKQY
823	1	NKVTLADAGFIKQYG
824	1	KVTLADAGFIKQYGD
825	1	VTLADAGFIKQYGDC
826	1	TLADAGFIKQYGDCL
827	1	LADAGFIKQYGDCLG
828	1	ADAGFIKQYGDCLGD
829	1	DAGFIKQYGDCLGDI
830	1	AGFIKQYGDCLGDIA
831	1	GFIKQYGDCLGDIAA
832	1	FIKQYGDCLGDIAAR
833	1	IKQYGDCLGDIAARD
834	1	KQYGDCLGDIAARDL
835	1	QYGDCLGDIAARDLI
836	1	YGDCLGDIAARDLIC
837	1	GDCLGDIAARDLICA
838	1	DCLGDIAARDLICAQ
839	1	CLGDIAARDLICAQK
840	1	LGDIAARDLICAQKF
841	1	GDIAARDLICAQKFN
842	1	DIAARDLICAQKFNG
843	1	IAARDLICAQKFNGL
844	1	AARDLICAQKFNGLT
845	1	ARDLICAQKFNGLTV
846	1	RDLICAQKFNGLTVL
847	1	DLICAQKFNGLTVLP
848	1	LICAQKFNGLTVLPP
849	1	ICAQKFNGLTVLPPL
850	1	CAQKFNGLTVLPPLL
851	1	AQKFNGLTVLPPLLT
852	1	QKFNGLTVLPPLLTD
853	1	KFNGLTVLPPLLTDE
854	1	FNGLTVLPPLLTDEM
855	1	NGLTVLPPLLTDEMI
856	1	GLTVLPPLLTDEMIA
857	1	LTVLPPLLTDEMIAQ
858	1	TVLPPLLTDEMIAQY
859	1	VLPPLLTDEMIAQYT
860	1	LPPLLTDEMIAQYTS
861	1	PPLLTDEMIAQYTSA
862	1	PLLTDEMIAQYTSAL
863	1	LLTDEMIAQYTSALL
864	1	LTDEMIAQYTSALLA
865	1	TDEMIAQYTSALLAG
866	1	DEMIAQYTSALLAGT
867	1	EMIAQYTSALLAGTI
868	1	MIAQYTSALLAGTIT
869	1	IAQYTSALLAGTITS
870	1	AQYTSALLAGTITSG
871	1	QYTSALLAGTITSGW
872	1	YTSALLAGTITSGWT
873	1	TSALLAGTITSGWTF
874	1	SALLAGTITSGWTFG
875	1	ALLAGTITSGWTFGA
876	1	LLAGTITSGWTFGAG
877	1	LAGTITSGWTFGAGA
878	1	AGTITSGWTFGAGAA
879	1	GTITSGWTFGAGAAL
880	1	TITSGWTFGAGAALQ
881	1	ITSGWTFGAGAALQI
882	1	TSGWTFGAGAALQIP
883	1	SGWTFGAGAALQIPF
884	1	GWTFGAGAALQIPFA
885	1	WTFGAGAALQIPFAM
886	1	TFGAGAALQIPFAMQ
887	1	FGAGAALQIPFAMQM
888	1	GAGAALQIPFAMQMA
889	1	AGAALQIPFAMQMAY
890	1	GAALQIPFAMQMAYR
891	1	AALQIPFAMQMAYRF
892	1	ALQIPFAMQMAYRFN
893	1	LQIPFAMQMAYRFNG
894	1	QIPFAMQMAYRFNGI
895	1	IPFAMQMAYRFNGIG
896	1	PFAMQMAYRFNGIGV
897	1	FAMQMAYRFNGIGVT
898	1	AMQMAYRFNGIGVTQ
899	1	MQMAYRFNGIGVTQN
900	1	QMAYRFNGIGVTQNV
901	1	MAYRFNGIGVTQNVL
902	1	AYRFNGIGVTQNVLY
903	1	YRFNGIGVTQNVLYE
904	1	RFNGIGVTQNVLYEN
905	1	FNGIGVTQNVLYENQ
906	1	NGIGVTQNVLYENQK
907	1	GIGVTQNVLYENQKL
908	1	IGVTQNVLYENQKLI
909	1	GVTQNVLYENQKLIA
910	1	VTQNVLYENQKLIAN
911	1	TQNVLYENQKLIANQ
912	1	QNVLYENQKLIANQF
913	1	NVLYENQKLIANQFN
914	1	VLYENQKLIANQFNS
915	1	LYENQKLIANQFNSA
916	1	YENQKLIANQFNSAI
917	1	ENQKLIANQFNSAIG
918	1	NQKLIANQFNSAIGK
919	1	QKLIANQFNSAIGKI
920	1	KLIANQFNSAIGKIQ
921	1	LIANQFNSAIGKIQD
922	1	IANQFNSAIGKIQDS
923	1	ANQFNSAIGKIQDSL
924	1	NQFNSAIGKIQDSLS
925	1	QFNSAIGKIQDSLSS
926	1	FNSAIGKIQDSLSST
927	1	NSAIGKIQDSLSSTA
928	1	SAIGKIQDSLSSTAS
929	1	AIGKIQDSLSSTASA
930	1	IGKIQDSLSSTASAL
931	1	GKIQDSLSSTASALG
932	1	KIQDSLSSTASALGK
933	1	IQDSLSSTASALGKL
934	1	QDSLSSTASALGKLQ
935	1	DSLSSTASALGKLQD
936	1	SLSSTASALGKLQDV
937	1	LSSTASALGKLQDVV
938	1	SSTASALGKLQDVVN
939	1	STASALGKLQDVVNQ
940	1	TASALGKLQDVVNQN
941	1	ASALGKLQDVVNQNA
942	1	SALGKLQDVVNQNAQ
943	1	ALGKLQDVVNQNAQA
944	1	LGKLQDVVNQNAQAL
945	1	GKLQDVVNQNAQALN
946	1	KLQDVVNQNAQALNT
947	1	LQDVVNQNAQALNTL
948	1	QDVVNQNAQALNTLV
949	1	DVVNQNAQALNTLVK
950	1	VVNQNAQALNTLVKQ
951	1	VNQNAQALNTLVKQL
952	1	NQNAQALNTLVKQLS
953	1	QNAQALNTLVKQLSS
954	1	NAQALNTLVKQLSSN
955	1	AQALNTLVKQLSSNF
956	1	QALNTLVKQLSSNFG
957	1	ALNTLVKQLSSNFGA
958	1	LNTLVKQLSSNFGAI
959	1	NTLVKQLSSNFGAIS
960	1	TLVKQLSSNFGAISS
961	1	LVKQLSSNFGAISSV
962	1	VKQLSSNFGAISSVL
963	1	KQLSSNFGAISSVLN
964	1	QLSSNFGAISSVLND
965	1	LSSNFGAISSVLNDI
966	1	SSNFGAISSVLNDIL
967	1	SNFGAISSVLNDILS
968	1	NFGAISSVLNDILSR
969	1	FGAISSVLNDILSRL
970	1	GAISSVLNDILSRLD
971	1	AISSVLNDILSRLDK
972	1	ISSVLNDILSRLDKV
973	1	SSVLNDILSRLDKVE
974	1	SVLNDILSRLDKVEA
975	1	VLNDILSRLDKVEAE
976	1	LNDILSRLDKVEAEV
977	1	NDILSRLDKVEAEVQ
978	1	DILSRLDKVEAEVQI
979	1	ILSRLDKVEAEVQID
980	1	LSRLDKVEAEVQIDR
981	1	SRLDKVEAEVQIDRL
982	1	RLDKVEAEVQIDRLI
983	1	LDKVEAEVQIDRLIT
984	1	DKVEAEVQIDRLITG
985	1	KVEAEVQIDRLITGR
986	1	VEAEVQIDRLITGRL
987	1	EAEVQIDRLITGRLQ
988	1	AEVQIDRLITGRLQS
989	1	EVQIDRLITGRLQSL
990	1	VQIDRLITGRLQSLQ
991	1	QIDRLITGRLQSLQT
992	1	IDRLITGRLQSLQTY
993	1	DRLITGRLQSLQTYV
994	1	RLITGRLQSLQTYVT
995	1	LITGRLQSLQTYVTQ
996	1	ITGRLQSLQTYVTQQ
997	1	TGRLQSLQTYVTQQL
998	1	GRLQSLQTYVTQQLI
999	1	RLQSLQTYVTQQLIR
1000	1	LQSLQTYVTQQLIRA
1001	1	QSLQTYVTQQLIRAA
1002	1	SLQTYVTQQLIRAAE
1003	1	LQTYVTQQLIRAAEI
1004	1	QTYVTQQLIRAAEIR
1005	1	TYVTQQLIRAAEIRA
1006	1	YVTQQLIRAAEIRAS
1007	1	VTQQLIRAAEIRASA
1008	1	TQQLIRAAEIRASAN
1009	1	QQLIRAAEIRASANL
1010	1	QLIRAAEIRASANLA
1011	1	LIRAAEIRASANLAA
1012	1	IRAAEIRASANLAAT
1013	1	RAAEIRASANLAATK
1014	1	AAEIRASANLAATKM
1015	1	AEIRASANLAATKMS
1016	1	EIRASANLAATKMSE
1017	1	IRASANLAATKMSEC
1018	1	RASANLAATKMSECV
1019	1	ASANLAATKMSECVL
1020	1	SANLAATKMSECVLG
1021	1	ANLAATKMSECVLGQ
1022	1	NLAATKMSECVLGQS
1023	1	LAATKMSECVLGQSK
1024	1	AATKMSECVLGQSKR
1025	1	ATKMSECVLGQSKRV
1026	1	TKMSECVLGQSKRVD
1027	1	KMSECVLGQSKRVDF
1028	1	MSECVLGQSKRVDFC
1029	1	SECVLGQSKRVDFCG
1030	1	ECVLGQSKRVDFCGK
1031	1	CVLGQSKRVDFCGKG
1032	1	VLGQSKRVDFCGKGY
1033	1	LGQSKRVDFCGKGYH
1034	1	GQSKRVDFCGKGYHL
1035	1	QSKRVDFCGKGYHLM
1036	1	SKRVDFCGKGYHLMS
1037	1	KRVDFCGKGYHLMSF
1038	1	RVDFCGKGYHLMSFP
1039	1	VDFCGKGYHLMSFPQ
1040	1	DFCGKGYHLMSFPQS
1041	1	FCGKGYHLMSFPQSA
1042	1	CGKGYHLMSFPQSAP
1043	1	GKGYHLMSFPQSAPH
1044	1	KGYHLMSFPQSAPHG
1045	1	GYHLMSFPQSAPHGV
1046	1	YHLMSFPQSAPHGVV
1047	1	HLMSFPQSAPHGVVF
1048	1	LMSFPQSAPHGVVFL
1049	1	MSFPQSAPHGVVFLH
1050	1	SFPQSAPHGVVFLHV
1051	1	FPQSAPHGVVFLHVT
1052	1	PQSAPHGVVFLHVTY
1053	1	QSAPHGVVFLHVTYV
1054	1	SAPHGVVFLHVTYVP
1055	1	APHGVVFLHVTYVPA
1056	1	PHGVVFLHVTYVPAQ
1057	1	HGVVFLHVTYVPAQE
1058	1	GVVFLHVTYVPAQEK
1059	1	VVFLHVTYVPAQEKN
1060	1	VFLHVTYVPAQEKNF
1061	1	FLHVTYVPAQEKNFT
1062	1	LHVTYVPAQEKNFTT
1063	1	HVTYVPAQEKNFTTA
1064	1	VTYVPAQEKNFTTAP
1065	1	TYVPAQEKNFTTAPA
1066	1	YVPAQEKNFTTAPAI
1067	1	VPAQEKNFTTAPAIC
1068	1	PAQEKNFTTAPAICH
1069	1	AQEKNFTTAPAICHD
1070	1	QEKNFTTAPAICHDG
1071	1	EKNFTTAPAICHDGK
1072	1	KNFTTAPAICHDGKA
1073	1	NFTTAPAICHDGKAH
1074	1	FTTAPAICHDGKAHF
1075	1	TTAPAICHDGKAHFP
1076	1	TAPAICHDGKAHFPR
1077	1	APAICHDGKAHFPRE
1078	1	PAICHDGKAHFPREG
1079	1	AICHDGKAHFPREGV
1080	1	ICHDGKAHFPREGVF
1081	1	CHDGKAHFPREGVFV
1082	1	HDGKAHFPREGVFVS
1083	1	DGKAHFPREGVFVSN
1084	1	GKAHFPREGVFVSNG
1085	1	KAHFPREGVFVSNGT
1086	1	AHFPREGVFVSNGTH
1087	1	HFPREGVFVSNGTHW
1088	1	FPREGVFVSNGTHWF
1089	1	PREGVFVSNGTHWFV
1090	1	REGVFVSNGTHWFVT
1091	1	EGVFVSNGTHWFVTQ
1092	1	GVFVSNGTHWFVTQR
1093	1	VFVSNGTHWFVTQRN
1094	1	FVSNGTHWFVTQRNF
1095	1	VSNGTHWFVTQRNFY
1096	1	SNGTHWFVTQRNFYE
1097	1	NGTHWFVTQRNFYEP
1098	1	GTHWFVTQRNFYEPQ
1099	1	THWFVTQRNFYEPQI
1100	1	HWFVTQRNFYEPQII
1101	1	WFVTQRNFYEPQIIT
1102	1	FVTQRNFYEPQIITT
1103	1	VTQRNFYEPQIITTD
1104	1	TQRNFYEPQIITTDN
1105	1	QRNFYEPQIITTDNT
1106	1	RNFYEPQIITTDNTF
1107	1	NFYEPQIITTDNTFV
1108	1	FYEPQIITTDNTFVS
1109	1	YEPQIITTDNTFVSG
1110	1	EPQIITTDNTFVSGN
1111	1	PQIITTDNTFVSGNC
1112	1	QIITTDNTFVSGNCD
1113	1	IITTDNTFVSGNCDV
1114	1	ITTDNTFVSGNCDVV
1115	1	TTDNTFVSGNCDVVI
1116	1	TDNTFVSGNCDVVIG
1117	1	DNTFVSGNCDVVIGI
1118	1	NTFVSGNCDVVIGIV
1119	1	TFVSGNCDVVIGIVN
1120	1	FVSGNCDVVIGIVNN
1121	1	VSGNCDVVIGIVNNT
1122	1	SGNCDVVIGIVNNTV
1123	1	GNCDVVIGIVNNTVY
1124	1	NCDVVIGIVNNTVYD
1125	1	CDVVIGIVNNTVYDP
1126	1	DVVIGIVNNTVYDPL
1127	1	VVIGIVNNTVYDPLQ
1128	1	VIGIVNNTVYDPLQP
1129	1	IGIVNNTVYDPLQPE
1130	1	GIVNNTVYDPLQPEL
1131	1	IVNNTVYDPLQPELD
1132	1	VNNTVYDPLQPELDS
1133	1	NNTVYDPLQPELDSF
1134	1	NTVYDPLQPELDSFK
1135	1	TVYDPLQPELDSFKE
1136	1	VYDPLQPELDSFKEE
1137	1	YDPLQPELDSFKEEL
1138	1	DPLQPELDSFKEELD
1139	1	PLQPELDSFKEELDK
1140	1	LQPELDSFKEELDKY
1141	1	QPELDSFKEELDKYF
1142	1	PELDSFKEELDKYFK
1143	1	ELDSFKEELDKYFKN
1144	1	LDSFKEELDKYFKNH
1145	1	DSFKEELDKYFKNHT
1146	1	SFKEELDKYFKNHTS
1147	1	FKEELDKYFKNHTSP
1148	1	KEELDKYFKNHTSPD
1149	1	EELDKYFKNHTSPDV
1150	1	ELDKYFKNHTSPDVD
1151	1	LDKYFKNHTSPDVDL
1152	1	DKYFKNHTSPDVDLG
1153	1	KYFKNHTSPDVDLGD
1154	1	YFKNHTSPDVDLGDI
1155	1	FKNHTSPDVDLGDIS
1156	1	KNHTSPDVDLGDISG
1157	1	NHTSPDVDLGDISGI
1158	1	HTSPDVDLGDISGIN
1159	1	TSPDVDLGDISGINA
1160	1	SPDVDLGDISGINAS
1161	1	PDVDLGDISGINASV
1162	1	DVDLGDISGINASVV
1163	1	VDLGDISGINASVVN
1164	1	DLGDISGINASVVNI
1165	1	LGDISGINASVVNIQ
1166	1	GDISGINASVVNIQK
1167	1	DISGINASVVNIQKE
1168	1	ISGINASVVNIQKEI
1169	1	SGINASVVNIQKEID
1170	1	GINASVVNIQKEIDR
1171	1	INASVVNIQKEIDRL
1172	1	NASVVNIQKEIDRLN
1173	1	ASVVNIQKEIDRLNE
1174	1	SVVNIQKEIDRLNEV
1175	1	VVNIQKEIDRLNEVA
1176	1	VNIQKEIDRLNEVAK
1177	1	NIQKEIDRLNEVAKN
1178	1	IQKEIDRLNEVAKNL
1179	1	QKEIDRLNEVAKNLN
1180	1	KEIDRLNEVAKNLNE
1181	1	EIDRLNEVAKNLNES
1182	1	IDRLNEVAKNLNESL
1183	1	DRLNEVAKNLNESLI
1184	1	RLNEVAKNLNESLID
1185	1	LNEVAKNLNESLIDL
1186	1	NEVAKNLNESLIDLQ
1187	1	EVAKNLNESLIDLQE
1188	1	VAKNLNESLIDLQEL
1189	1	AKNLNESLIDLQELG
1190	1	KNLNESLIDLQELGK
1191	1	NLNESLIDLQELGKY
1192	1	LNESLIDLQELGKYE
1193	1	NESLIDLQELGKYEQ
1194	1	ESLIDLQELGKYEQY
1195	1	SLIDLQELGKYEQYI
1196	1	LIDLQELGKYEQYIK
1197	1	IDLQELGKYEQYIKW
1198	1	DLQELGKYEQYIKWP
1199	1	LQELGKYEQYIKWPW
1200	1	QELGKYEQYIKWPWY
1201	1	ELGKYEQYIKWPWYI
1202	1	LGKYEQYIKWPWYIW
1203	1	GKYEQYIKWPWYIWL
1204	1	KYEQYIKWPWYIWLG
1205	1	YEQYIKWPWYIWLGF
1206	1	EQYIKWPWYIWLGFI
1207	1	QYIKWPWYIWLGFIA
1208	1	YIKWPWYIWLGFIAG
1209	1	IKWPWYIWLGFIAGL
1210	1	KWPWYIWLGFIAGLI
1211	1	WPWYIWLGFIAGLIA
1212	1	PWYIWLGFIAGLIAI
1213	1	WYIWLGFIAGLIAIV
1214	1	YIWLGFIAGLIAIVM
1215	1	IWLGFIAGLIAIVMV
1216	1	WLGFIAGLIAIVMVT
1217	1	LGFIAGLIAIVMVTI
1218	1	GFIAGLIAIVMVTIM
1219	1	FIAGLIAIVMVTIML
1220	1	IAGLIAIVMVTIMLC
1221	1	AGLIAIVMVTIMLCC
1222	1	GLIAIVMVTIMLCCM
1223	1	LIAIVMVTIMLCCMT
1224	1	IAIVMVTIMLCCMTS
1225	1	AIVMVTIMLCCMTSC
1226	1	IVMVTIMLCCMTSCC
1227	1	VMVTIMLCCMTSCCS
1228	1	MVTIMLCCMTSCCSC
1229	1	VTIMLCCMTSCCSCL
1230	1	TIMLCCMTSCCSCLK
1231	1	IMLCCMTSCCSCLKG
1232	1	MLCCMTSCCSCLKGC
1233	1	LCCMTSCCSCLKGCC
1234	1	CCMTSCCSCLKGCCS
1235	1	CMTSCCSCLKGCCSC
1236	1	MTSCCSCLKGCCSCG
1237	1	TSCCSCLKGCCSCGS
1238	1	SCCSCLKGCCSCGSC
1239	1	CCSCLKGCCSCGSCC
1240	1	CSCLKGCCSCGSCCK
1241	1	SCLKGCCSCGSCCKF
1242	1	CLKGCCSCGSCCKFD
1243	1	LKGCCSCGSCCKFDE
1244	1	KGCCSCGSCCKFDED
1245	1	GCCSCGSCCKFDEDD
1246	1	CCSCGSCCKFDEDDS
1247	1	CSCGSCCKFDEDDSE
1248	1	SCGSCCKFDEDDSEP
1249	1	CGSCCKFDEDDSEPV
1250	1	GSCCKFDEDDSEPVL
1251	1	SCCKFDEDDSEPVLK
1252	1	CCKFDEDDSEPVLKG
1253	1	CKFDEDDSEPVLKGV
1254	1	KFDEDDSEPVLKGVK
1255	1	FDEDDSEPVLKGVKL
1256	1	DEDDSEPVLKGVKLH
1257	1	EDDSEPVLKGVKLHY
1258	1	DDSEPVLKGVKLHYT
